Jeans, T-Shirt, Socks, Sneakers
Joggers, Hoodies, Socks,
Work Pants, T-Shirt, Socks,
Leggings, Hoodies, Sneakers,
Jeans, Hoodies, Sneakers,
Joggers, T-Shirt, Sneakers,
Work Pants, Socks, Sneakers,
Jeans, T-Shirt},,
Leggings, T-Shirt, Socks,
Hoodies, Socks},,
Jeans, Socks, Sneakers,
Work Pants, Hoodies},,
Joggers, Socks, Sneakers,
Leggings, Hoodies, Socks,
Jeans, Work Pants, Socks,
T-Shirt, Socks, Sneakers,
Joggers, Hoodies, T-Shirt,
Jeans, Leggings, Hoodies,
Work Pants, T-Shirt, Sneakers,
Jeans, Hoodies, Socks, Sneakers
